{"loss":{"0":1.1176915169,"1":0.8130347133,"2":0.7838189006,"3":0.7655212283,"4":0.7491998076,"5":0.734175384,"6":0.7205139995,"7":0.707706511,"8":0.6958985925,"9":0.6848799586,"10":0.6746699214,"11":0.6650208235,"12":0.6561681628,"13":0.6477051973,"14":0.6397572756,"15":0.632268846,"16":0.62514323,"17":0.6184045076,"18":0.6121754646,"19":0.6060743928,"20":0.6003190279,"21":0.594889462,"22":0.5897020102,"23":0.5847535729,"24":0.5800389051,"25":0.5754546523,"26":0.5711797476,"27":0.5668777227,"28":0.5630034804,"29":0.5593245625,"30":0.5556427836,"31":0.552184999,"32":0.5488117337,"33":0.5454819202,"34":0.5424531102,"35":0.5394747853,"36":0.5366936326,"37":0.533899188,"38":0.5312074423,"39":0.5286238194,"40":0.5262497067,"41":0.5238630772,"42":0.5215877295,"43":0.5194520354,"44":0.5174003839,"45":0.5153523088,"46":0.5134082437,"47":0.5115128756,"48":0.5096920133,"49":0.5079479218,"50":0.5063533187,"51":0.5046589971,"52":0.5031422973,"53":0.5015718341,"54":0.5000842214,"55":0.4987442493,"56":0.4973478019,"57":0.4960926771,"58":0.4948571622,"59":0.4935631454,"60":0.4923549592,"61":0.4913149178,"62":0.4901950955,"63":0.4891765118,"64":0.4879457057,"65":0.4871864915,"66":0.4861628413,"67":0.4852845669,"68":0.4844234586,"69":0.4834592938,"70":0.4827497303,"71":0.4819247425,"72":0.4811712205,"73":0.4803679883,"74":0.479662627,"75":0.4790449739,"76":0.4783268571,"77":0.4777021408,"78":0.4769849181,"79":0.4765075743,"80":0.4758528769,"81":0.4752725363,"82":0.4747339487,"83":0.47414276,"84":0.4737067223,"85":0.4732124209,"86":0.4727703333,"87":0.4722103477,"88":0.4718299806,"89":0.4713807702,"90":0.4709366262,"91":0.4705880582},"mse":{"0":1.0998450518,"1":0.7760871649,"2":0.7405898571,"3":0.7211672068,"4":0.7064722776,"5":0.6909003854,"6":0.6775175929,"7":0.6655673385,"8":0.6535511017,"9":0.6428867579,"10":0.6332753897,"11":0.6234447956,"12":0.6150556803,"13":0.6071956754,"14":0.5988837481,"15":0.5910098553,"16":0.5837294459,"17":0.5771512985,"18":0.5713847876,"19":0.5652843118,"20":0.5603360534,"21":0.5534257293,"22":0.5489354134,"23":0.5438777208,"24":0.5389984846,"25":0.5341511965,"26":0.5305613875,"27":0.5264872909,"28":0.5221227407,"29":0.5174234509,"30":0.5147749782,"31":0.5106814504,"32":0.5072024465,"33":0.5036689043,"34":0.5011079907,"35":0.4976148605,"36":0.4951376021,"37":0.4921995401,"38":0.4896397889,"39":0.4859723449,"40":0.4845817387,"41":0.4820427895,"42":0.4786944091,"43":0.4777708352,"44":0.4748116732,"45":0.4733953774,"46":0.4707195759,"47":0.4688714445,"48":0.4671976864,"49":0.46539253,"50":0.4631914496,"51":0.4618165791,"52":0.4602494538,"53":0.4581261873,"54":0.4573458731,"55":0.4548976421,"56":0.4546042383,"57":0.4523105323,"58":0.4514778256,"59":0.4504406452,"60":0.4479603469,"61":0.4479238689,"62":0.44651407,"63":0.4453803897,"64":0.4429922402,"65":0.444014281,"66":0.4417430162,"67":0.4408353567,"68":0.4402539432,"69":0.4398179054,"70":0.4381835163,"71":0.4372448921,"72":0.4365322888,"73":0.4354257286,"74":0.4354584515,"75":0.4340465069,"76":0.4333465397,"77":0.4327944517,"78":0.4324764311,"79":0.430988729,"80":0.4304486215,"81":0.4301851094,"82":0.4296855032,"83":0.4281129837,"84":0.4282031357,"85":0.4278191626,"86":0.427434057,"87":0.4272582531,"88":0.426047951,"89":0.4252439141,"90":0.4247661233,"91":0.4247848988},"val_loss":{"0":0.8633479476,"1":0.8117620945,"2":0.7912619114,"3":0.7735917568,"4":0.7572770119,"5":0.7424035072,"6":0.7287126184,"7":0.7159452438,"8":0.7040503621,"9":0.6930059791,"10":0.6826751232,"11":0.6729821563,"12":0.6639006734,"13":0.655243814,"14":0.6470141411,"15":0.6393472552,"16":0.6322180033,"17":0.6255556941,"18":0.6189600825,"19":0.6127799153,"20":0.6066536903,"21":0.6010965705,"22":0.5956864953,"23":0.5904806256,"24":0.5855767727,"25":0.5810559988,"26":0.5763965845,"27":0.5719870329,"28":0.5678269863,"29":0.5640684366,"30":0.5601633191,"31":0.5565848351,"32":0.5531945825,"33":0.5499245524,"34":0.5466923714,"35":0.5437515378,"36":0.5408000946,"37":0.5379012227,"38":0.5350564718,"39":0.532610774,"40":0.5299263,"41":0.5273500681,"42":0.5253615379,"43":0.5228331685,"44":0.5208526254,"45":0.5185570717,"46":0.5167287588,"47":0.5148400664,"48":0.5129128098,"49":0.5110779405,"50":0.5095290542,"51":0.507871449,"52":0.5062063932,"53":0.504786849,"54":0.5031861067,"55":0.5020535588,"56":0.5004492998,"57":0.4993503392,"58":0.4980003536,"59":0.4966091216,"60":0.4958060384,"61":0.4945107698,"62":0.493370384,"63":0.4923065007,"64":0.491998136,"65":0.4903876185,"66":0.4896391928,"67":0.488853246,"68":0.4880643487,"69":0.4867919981,"70":0.4860227704,"71":0.485326618,"72":0.4845687151,"73":0.4840955734,"74":0.4831306636,"75":0.4825536609,"76":0.4819674194,"77":0.4813479185,"78":0.480551362,"79":0.4801076651,"80":0.4796077907,"81":0.4790443778,"82":0.4784397781,"83":0.4783175588,"84":0.4778833389,"85":0.4773867428,"86":0.4768346548,"87":0.4760975838,"88":0.475759238,"89":0.4755668342,"90":0.4755235612,"91":0.475122571},"val_mse":{"0":0.8340472579,"1":0.7697510123,"2":0.7471942306,"3":0.7304180264,"4":0.7130253315,"5":0.6988406777,"6":0.6861931086,"7":0.6733295321,"8":0.6621830463,"9":0.6517477632,"10":0.64144063,"11":0.6322230697,"12":0.6232654452,"13":0.6137919426,"14":0.6052342653,"15":0.5980953574,"16":0.5917313695,"17":0.5858567953,"18":0.5791172981,"19":0.5729140043,"20":0.5652121305,"21":0.5607061386,"22":0.5549762249,"23":0.5498269796,"24":0.5450728536,"25":0.5411442518,"26":0.5357801914,"27":0.53038764,"28":0.5258395076,"29":0.5232338905,"30":0.5185961127,"31":0.5152863264,"32":0.5121793747,"33":0.509391129,"34":0.5056800842,"35":0.5029717088,"36":0.4999182224,"37":0.4967102408,"38":0.4933324456,"39":0.4919279814,"40":0.4885742068,"41":0.4854891896,"42":0.4845077693,"43":0.4809227586,"44":0.4794781506,"45":0.4762298167,"46":0.4746401906,"47":0.4728201628,"48":0.4705662429,"49":0.4683280885,"50":0.467315942,"51":0.4655262828,"52":0.4634352624,"53":0.462416321,"54":0.4600734115,"55":0.4598257244,"56":0.4571486712,"57":0.4567520916,"58":0.4552117884,"59":0.4528734088,"60":0.4532391429,"61":0.4513401389,"62":0.4500147402,"63":0.448761344,"64":0.4500441849,"65":0.4468549192,"66":0.4464803934,"67":0.4459273219,"68":0.445150584,"69":0.4424079955,"70":0.441716969,"71":0.4412713349,"72":0.4404756129,"73":0.4404622912,"74":0.4385688901,"75":0.4382054806,"76":0.4376823604,"77":0.4369287491,"78":0.4350524843,"79":0.4351661503,"80":0.4349446297,"81":0.4341058135,"82":0.4330962002,"83":0.434096843,"84":0.4337258935,"85":0.4330162108,"86":0.4321691096,"87":0.4303563535,"88":0.4301314354,"89":0.4304993749,"90":0.4311065376,"91":0.430558145}}